{"cameraMode":{"drawMode":0,"name":"Shaded","section":"Shading Mode"},"sceneLighting":true,"audioPlay":false,"sceneViewState":{"showFog":true,"showMaterialUpdate":false,"showSkybox":true,"showFlares":true,"showImageEffects":true,"showParticleSystems":true},"in2DMode":false,"pivot":{"x":0.851471483707428,"y":3.051133871078491,"z":8.134925842285157},"rotation":{"x":-0.01417230349034071,"y":-0.9805459976196289,"z":0.17994919419288636,"w":-0.07723245024681092},"size":28.3040771484375,"orthographic":true}