{"cameraMode":{"drawMode":0,"name":"Shaded","section":"Shading Mode"},"sceneLighting":false,"audioPlay":false,"sceneViewState":{"showFog":true,"showMaterialUpdate":false,"showSkybox":true,"showFlares":true,"showImageEffects":true,"showParticleSystems":true},"in2DMode":false,"pivot":{"x":0.25166600942611697,"y":0.22449195384979249,"z":-0.603607177734375},"rotation":{"x":-0.37286707758903506,"y":-0.08997170627117157,"z":0.036364030092954639,"w":-0.9228088855743408},"size":14.741283416748047,"orthographic":true}