{"cameraMode":{"drawMode":0,"name":"Shaded","section":"Shading Mode"},"sceneLighting":true,"audioPlay":false,"sceneViewState":{"showFog":true,"showMaterialUpdate":false,"showSkybox":true,"showFlares":true,"showImageEffects":true,"showParticleSystems":true},"in2DMode":false,"pivot":{"x":0.851471483707428,"y":3.051133871078491,"z":8.134925842285157},"rotation":{"x":0.03933010250329971,"y":-0.956293523311615,"z":0.24622035026550294,"w":0.15275442600250245},"size":45.96181869506836,"orthographic":true}