{"cameraMode":{"drawMode":0,"name":"Shaded","section":"Shading Mode"},"sceneLighting":false,"audioPlay":false,"sceneViewState":{"showFog":true,"showMaterialUpdate":false,"showSkybox":true,"showFlares":true,"showImageEffects":true,"showParticleSystems":true},"in2DMode":false,"pivot":{"x":6.32150936126709,"y":1.965491533279419,"z":-54.31135940551758},"rotation":{"x":-0.28161683678627016,"y":-0.08019495755434036,"z":0.0236223042011261,"w":-0.9559112787246704},"size":16.647907257080079,"orthographic":true}