{"cameraMode":{"drawMode":0,"name":"Shaded","section":"Shading Mode"},"sceneLighting":false,"audioPlay":false,"sceneViewState":{"showFog":true,"showMaterialUpdate":false,"showSkybox":true,"showFlares":true,"showImageEffects":true,"showParticleSystems":true},"in2DMode":false,"pivot":{"x":-4.234615325927734,"y":2.4200000762939455,"z":-21.918960571289064},"rotation":{"x":-0.28161683678627016,"y":-0.08019495755434036,"z":0.0236223042011261,"w":-0.9559112787246704},"size":8.156551361083985,"orthographic":true}