{"cameraMode":{"drawMode":0,"name":"Shaded","section":"Shading Mode"},"sceneLighting":false,"audioPlay":false,"sceneViewState":{"showFog":true,"showMaterialUpdate":false,"showSkybox":true,"showFlares":true,"showImageEffects":true,"showParticleSystems":true},"in2DMode":false,"pivot":{"x":11.726337432861329,"y":0.07800006866455078,"z":-2.1136345863342287},"rotation":{"x":-0.28161683678627016,"y":-0.08019495755434036,"z":0.0236223042011261,"w":-0.9559112787246704},"size":26.22774314880371,"orthographic":true}