{"cameraMode":{"drawMode":0,"name":"Shaded","section":"Shading Mode"},"sceneLighting":false,"audioPlay":false,"sceneViewState":{"showFog":true,"showMaterialUpdate":false,"showSkybox":true,"showFlares":true,"showImageEffects":true,"showParticleSystems":true},"in2DMode":false,"pivot":{"x":4.690000057220459,"y":3.4100000858306886,"z":-20.58981704711914},"rotation":{"x":-0.28161683678627016,"y":-0.08019495755434036,"z":0.0236223042011261,"w":-0.9559112787246704},"size":0.00005634145418298431,"orthographic":true}