{"cameraMode":{"drawMode":0,"name":"Shaded","section":"Shading Mode"},"sceneLighting":false,"audioPlay":false,"sceneViewState":{"showFog":true,"showMaterialUpdate":false,"showSkybox":true,"showFlares":true,"showImageEffects":true,"showParticleSystems":true},"in2DMode":false,"pivot":{"x":6.263758182525635,"y":0.07426309585571289,"z":-53.74757385253906},"rotation":{"x":-0.28161683678627016,"y":-0.08019495755434036,"z":0.0236223042011261,"w":-0.9559112787246704},"size":31.60464859008789,"orthographic":true}