{"cameraMode":{"drawMode":0,"name":"Shaded","section":"Shading Mode"},"sceneLighting":false,"audioPlay":false,"sceneViewState":{"showFog":true,"showMaterialUpdate":false,"showSkybox":true,"showFlares":true,"showImageEffects":true,"showParticleSystems":true},"in2DMode":false,"pivot":{"x":1.279541015625,"y":0.4150390625,"z":7.8564453125},"rotation":{"x":-0.2725032567977905,"y":-0.13909348845481873,"z":0.03984977304935455,"w":-0.9512407779693604},"size":3.5234358310699465,"orthographic":true}