{"cameraMode":{"drawMode":0,"name":"Shaded","section":"Shading Mode"},"sceneLighting":true,"audioPlay":false,"sceneViewState":{"showFog":true,"showMaterialUpdate":false,"showSkybox":true,"showFlares":true,"showImageEffects":true,"showParticleSystems":true},"in2DMode":false,"pivot":{"x":-0.6147472262382507,"y":-1.7705882787704468,"z":-0.26388996839523318},"rotation":{"x":-0.0941784605383873,"y":-0.062380071729421619,"z":0.0058997152373194698,"w":-0.9936196804046631},"size":9.811687469482422,"orthographic":true}