{"cameraMode":{"drawMode":0,"name":"Shaded","section":"Shading Mode"},"sceneLighting":false,"audioPlay":false,"sceneViewState":{"showFog":true,"showMaterialUpdate":false,"showSkybox":true,"showFlares":true,"showImageEffects":true,"showParticleSystems":true},"in2DMode":false,"pivot":{"x":0.3505859375,"y":0.8572998046875,"z":4.893811225891113},"rotation":{"x":-0.19082233309745789,"y":0.007661594543606043,"z":-0.00149293034337461,"w":-0.9816233515739441},"size":5.588902950286865,"orthographic":true}