{"cameraMode":{"drawMode":0,"name":"Shaded","section":"Shading Mode"},"sceneLighting":true,"audioPlay":false,"sceneViewState":{"showFog":true,"showMaterialUpdate":false,"showSkybox":true,"showFlares":true,"showImageEffects":true,"showParticleSystems":true},"in2DMode":false,"pivot":{"x":0.851471483707428,"y":3.051133871078491,"z":8.134925842285157},"rotation":{"x":0.012471047230064869,"y":-0.9144848585128784,"z":0.403457909822464,"w":0.028263915330171586},"size":15.955565452575684,"orthographic":true}