{"cameraMode":{"drawMode":0,"name":"Shaded","section":"Shading Mode"},"sceneLighting":false,"audioPlay":false,"sceneViewState":{"showFog":true,"showMaterialUpdate":false,"showSkybox":true,"showFlares":true,"showImageEffects":true,"showParticleSystems":true},"in2DMode":false,"pivot":{"x":-0.1364452838897705,"y":0.2001953125,"z":7.8046875},"rotation":{"x":-0.07199370861053467,"y":-0.48495787382125857,"z":0.04010077565908432,"w":-0.870673418045044},"size":2.965596914291382,"orthographic":true}